{"v":"5.12.2","fr":60,"ip":0,"op":361,"w":1000,"h":1000,"nm":"fakat symbol lottie","ddd":0,"assets":[],"layers":[{"ddd":0,"ind":1,"ty":4,"nm":"Layer 5 Outlines","sr":1,"ks":{"o":{"a":0,"k":100,"ix":11},"r":{"a":0,"k":0,"ix":10},"p":{"a":1,"k":[{"i":{"x":0.833,"y":0.833},"o":{"x":0.333,"y":0.333},"t":0,"s":[500,500,0],"to":[0,0,0],"ti":[0,0,0]},{"i":{"x":0,"y":1},"o":{"x":0.333,"y":0},"t":60,"s":[500,500,0],"to":[0,0,0],"ti":[0,0,0]},{"i":{"x":0.667,"y":0.667},"o":{"x":0.333,"y":0.333},"t":90,"s":[173.6,828.155,0],"to":[0,0,0],"ti":[0,0,0]},{"i":{"x":0.667,"y":0.667},"o":{"x":0.167,"y":0.167},"t":150,"s":[173.6,828.155,0],"to":[0,0,0],"ti":[0,0,0]},{"t":210,"s":[173.6,828.155,0]}],"ix":2,"l":2,"x":"var $bm_rt;\n$bm_rt = loopOut('pingpong');"},"a":{"a":0,"k":[149.85,149.85,0],"ix":1,"l":2},"s":{"a":0,"k":[100,100,100],"ix":6,"l":2}},"ao":0,"shapes":[{"ty":"gr","it":[{"ind":0,"ty":"sh","ix":1,"ks":{"a":0,"k":{"i":[[2.904,0],[0,-2.904],[-0.07,-0.342],[-1.834,0],[-1.588,-0.675],[0,0.36]],"o":[[-2.904,0],[0,0.36],[1.588,-0.675],[1.834,0],[0.07,-0.342],[0,-2.904]],"v":[[0,-4.036],[-5.265,2.983],[-5.159,4.036],[0,2.983],[5.159,4.036],[5.265,2.983]],"c":true},"ix":2},"nm":"Path 1","mn":"ADBE Vector Shape - Group","hd":false},{"ty":"fl","c":{"a":0,"k":[0.933333393172,0.886274569642,0.87450986376,1],"ix":4},"o":{"a":0,"k":100,"ix":5},"r":1,"bm":0,"nm":"Fill 1","mn":"ADBE Vector Graphic - Fill","hd":false},{"ty":"tr","p":{"a":0,"k":[266.108,123.614],"ix":2},"a":{"a":0,"k":[0,0],"ix":1},"s":{"a":0,"k":[100,100],"ix":3},"r":{"a":0,"k":0,"ix":6},"o":{"a":0,"k":100,"ix":7},"sk":{"a":0,"k":0,"ix":4},"sa":{"a":0,"k":0,"ix":5},"nm":"Transform"}],"nm":"Group 1","np":2,"cix":2,"bm":0,"ix":1,"mn":"ADBE Vector Group","hd":false},{"ty":"gr","it":[{"ind":0,"ty":"sh","ix":1,"ks":{"a":0,"k":{"i":[[7.265,0],[0,7.265],[-0.308,1.114],[-0.552,0.956],[-0.096,0.151],[0,1.823],[0,0],[-5.316,0.045],[-0.038,0],[-0.038,-0.001],[0,-5.316],[0,0],[-0.978,-1.539],[-0.09,-0.155],[-0.298,-1.088],[0,-1.211]],"o":[[-7.265,0],[0,-1.211],[0.298,-1.088],[0.09,-0.155],[0.978,-1.539],[0,0],[0,-5.316],[0.038,-0.001],[0.038,0],[5.316,0.045],[0,0],[0,1.823],[0.096,0.151],[0.552,0.956],[0.308,1.114],[0,7.265]],"v":[[116.258,3.07],[103.097,-10.09],[103.571,-13.6],[104.86,-16.671],[105.139,-17.132],[106.606,-22.292],[106.606,-26.578],[116.144,-36.413],[116.258,-36.413],[116.372,-36.413],[125.91,-26.578],[125.91,-22.292],[127.377,-17.132],[127.656,-16.671],[128.945,-13.6],[129.419,-10.09]],"c":true},"ix":2},"nm":"Path 1","mn":"ADBE Vector Shape - Group","hd":false},{"ind":1,"ty":"sh","ix":2,"ks":{"a":0,"k":{"i":[[4.604,0],[0,0],[0,4.604],[-4.604,0],[0,0],[0,-4.603]],"o":[[0,0],[-4.604,0],[0,-4.603],[0,0],[4.604,0],[0,4.604]],"v":[[50.89,58.348],[-50.89,58.348],[-59.226,50.012],[-50.89,41.678],[50.89,41.678],[59.226,50.012]],"c":true},"ix":2},"nm":"Path 2","mn":"ADBE Vector Shape - Group","hd":false},{"ind":2,"ty":"sh","ix":3,"ks":{"a":0,"k":{"i":[[4.604,0],[0,0],[0,4.604],[-4.604,0],[0,0],[0,-4.603]],"o":[[0,0],[-4.604,0],[0,-4.603],[0,0],[4.604,0],[0,4.604]],"v":[[50.89,93.445],[-50.89,93.445],[-59.226,85.109],[-50.89,76.774],[50.89,76.774],[59.226,85.109]],"c":true},"ix":2},"nm":"Path 3","mn":"ADBE Vector Shape - Group","hd":false},{"ind":3,"ty":"sh","ix":4,"ks":{"a":0,"k":{"i":[[15.033,0],[0,0],[0,-15.033],[0,0],[-15.032,0],[0,0],[0,15.033],[0,0]],"o":[[0,0],[-15.032,0],[0,0],[0,15.033],[0,0],[15.033,0],[0,0],[0,-15.033]],"v":[[122.38,-149.6],[-122.381,-149.6],[-149.6,-122.38],[-149.6,122.38],[-122.381,149.6],[122.38,149.6],[149.6,122.38],[149.6,-122.38]],"c":true},"ix":2},"nm":"Path 4","mn":"ADBE Vector Shape - Group","hd":false},{"ty":"mm","mm":1,"nm":"Merge Paths 1","mn":"ADBE Vector Filter - Merge","hd":false},{"ty":"fl","c":{"a":0,"k":[0.933333393172,0.886274569642,0.87450986376,1],"ix":4},"o":{"a":0,"k":100,"ix":5},"r":1,"bm":0,"nm":"Fill 1","mn":"ADBE Vector Graphic - Fill","hd":false},{"ty":"tr","p":{"a":0,"k":[149.85,149.85],"ix":2},"a":{"a":0,"k":[0,0],"ix":1},"s":{"a":0,"k":[100,100],"ix":3},"r":{"a":0,"k":0,"ix":6},"o":{"a":0,"k":100,"ix":7},"sk":{"a":0,"k":0,"ix":4},"sa":{"a":0,"k":0,"ix":5},"nm":"Transform"}],"nm":"Group 2","np":6,"cix":2,"bm":0,"ix":2,"mn":"ADBE Vector Group","hd":false}],"ip":0,"op":600,"st":0,"ct":1,"bm":0},{"ddd":0,"ind":2,"ty":4,"nm":"Layer 3 Outlines","sr":1,"ks":{"o":{"a":0,"k":100,"ix":11},"r":{"a":0,"k":0,"ix":10},"p":{"a":1,"k":[{"i":{"x":0.833,"y":0.833},"o":{"x":0.333,"y":0.333},"t":0,"s":[500,500,0],"to":[0,0,0],"ti":[0,0,0]},{"i":{"x":0,"y":1},"o":{"x":0.333,"y":0},"t":90,"s":[500,500,0],"to":[0,0,0],"ti":[0,0,0]},{"i":{"x":0,"y":0},"o":{"x":0.333,"y":0.333},"t":120,"s":[500,828.155,0],"to":[0,0,0],"ti":[0,0,0]},{"i":{"x":0,"y":0},"o":{"x":0.167,"y":0.167},"t":150,"s":[500,828.155,0],"to":[0,0,0],"ti":[0,0,0]},{"t":210,"s":[500,828.155,0]}],"ix":2,"l":2,"x":"var $bm_rt;\n$bm_rt = loopOut('pingpong');"},"a":{"a":0,"k":[149.85,149.85,0],"ix":1,"l":2},"s":{"a":0,"k":[100,100,100],"ix":6,"l":2}},"ao":0,"shapes":[{"ty":"gr","it":[{"ind":0,"ty":"sh","ix":1,"ks":{"a":0,"k":{"i":[[2.904,0],[0,-2.904],[-0.07,-0.342],[-1.834,0],[-1.588,-0.675],[0,0.36]],"o":[[-2.904,0],[0,0.36],[1.588,-0.675],[1.834,0],[0.07,-0.342],[0,-2.904]],"v":[[0,-4.036],[-5.265,2.983],[-5.159,4.036],[0,2.983],[5.159,4.036],[5.265,2.983]],"c":true},"ix":2},"nm":"Path 1","mn":"ADBE Vector Shape - Group","hd":false},{"ty":"fl","c":{"a":0,"k":[0.933333393172,0.886274569642,0.87450986376,1],"ix":4},"o":{"a":0,"k":100,"ix":5},"r":1,"bm":0,"nm":"Fill 1","mn":"ADBE Vector Graphic - Fill","hd":false},{"ty":"tr","p":{"a":0,"k":[266.108,123.614],"ix":2},"a":{"a":0,"k":[0,0],"ix":1},"s":{"a":0,"k":[100,100],"ix":3},"r":{"a":0,"k":0,"ix":6},"o":{"a":0,"k":100,"ix":7},"sk":{"a":0,"k":0,"ix":4},"sa":{"a":0,"k":0,"ix":5},"nm":"Transform"}],"nm":"Group 1","np":2,"cix":2,"bm":0,"ix":1,"mn":"ADBE Vector Group","hd":false},{"ty":"gr","it":[{"ind":0,"ty":"sh","ix":1,"ks":{"a":0,"k":{"i":[[7.265,0],[0,7.265],[-0.308,1.114],[-0.553,0.956],[-0.096,0.151],[0,1.823],[0,0],[-5.316,0.045],[-0.038,0],[-0.038,-0.001],[0,-5.316],[0,0],[-0.978,-1.539],[-0.09,-0.155],[-0.299,-1.088],[0,-1.211]],"o":[[-7.265,0],[0,-1.211],[0.298,-1.088],[0.09,-0.155],[0.978,-1.539],[0,0],[0,-5.316],[0.038,-0.001],[0.038,0],[5.316,0.045],[0,0],[0,1.823],[0.096,0.151],[0.553,0.956],[0.307,1.114],[0,7.265]],"v":[[116.258,3.07],[103.097,-10.09],[103.571,-13.6],[104.86,-16.671],[105.139,-17.132],[106.606,-22.292],[106.606,-26.578],[116.144,-36.413],[116.258,-36.413],[116.372,-36.413],[125.91,-26.578],[125.91,-22.292],[127.377,-17.132],[127.656,-16.671],[128.946,-13.6],[129.419,-10.09]],"c":true},"ix":2},"nm":"Path 1","mn":"ADBE Vector Shape - Group","hd":false},{"ind":1,"ty":"sh","ix":2,"ks":{"a":0,"k":{"i":[[4.604,0],[0,0],[0,4.604],[-4.604,0],[0,0],[0,-4.603]],"o":[[0,0],[-4.604,0],[0,-4.603],[0,0],[4.604,0],[0,4.604]],"v":[[50.89,58.348],[-50.89,58.348],[-59.226,50.012],[-50.89,41.678],[50.89,41.678],[59.226,50.012]],"c":true},"ix":2},"nm":"Path 2","mn":"ADBE Vector Shape - Group","hd":false},{"ind":2,"ty":"sh","ix":3,"ks":{"a":0,"k":{"i":[[4.604,0],[0,0],[0,4.604],[-4.604,0],[0,0],[0,-4.603]],"o":[[0,0],[-4.604,0],[0,-4.603],[0,0],[4.604,0],[0,4.604]],"v":[[50.89,93.445],[-50.89,93.445],[-59.226,85.109],[-50.89,76.774],[50.89,76.774],[59.226,85.109]],"c":true},"ix":2},"nm":"Path 3","mn":"ADBE Vector Shape - Group","hd":false},{"ind":3,"ty":"sh","ix":4,"ks":{"a":0,"k":{"i":[[15.033,0],[0,0],[0,-15.033],[0,0],[-15.032,0],[0,0],[0,15.033],[0,0]],"o":[[0,0],[-15.032,0],[0,0],[0,15.033],[0,0],[15.033,0],[0,0],[0,-15.033]],"v":[[122.38,-149.6],[-122.381,-149.6],[-149.6,-122.38],[-149.6,122.38],[-122.381,149.6],[122.38,149.6],[149.6,122.38],[149.6,-122.38]],"c":true},"ix":2},"nm":"Path 4","mn":"ADBE Vector Shape - Group","hd":false},{"ty":"mm","mm":1,"nm":"Merge Paths 1","mn":"ADBE Vector Filter - Merge","hd":false},{"ty":"fl","c":{"a":0,"k":[0.933333393172,0.886274569642,0.87450986376,1],"ix":4},"o":{"a":0,"k":100,"ix":5},"r":1,"bm":0,"nm":"Fill 1","mn":"ADBE Vector Graphic - Fill","hd":false},{"ty":"tr","p":{"a":0,"k":[149.85,149.85],"ix":2},"a":{"a":0,"k":[0,0],"ix":1},"s":{"a":0,"k":[100,100],"ix":3},"r":{"a":0,"k":0,"ix":6},"o":{"a":0,"k":100,"ix":7},"sk":{"a":0,"k":0,"ix":4},"sa":{"a":0,"k":0,"ix":5},"nm":"Transform"}],"nm":"Group 2","np":6,"cix":2,"bm":0,"ix":2,"mn":"ADBE Vector Group","hd":false}],"ip":0,"op":600,"st":0,"ct":1,"bm":0},{"ddd":0,"ind":3,"ty":4,"nm":"Layer 6 Outlines","sr":1,"ks":{"o":{"a":0,"k":100,"ix":11},"r":{"a":0,"k":0,"ix":10},"p":{"a":1,"k":[{"i":{"x":0.833,"y":0.833},"o":{"x":0.333,"y":0.333},"t":0,"s":[500,499.999,0],"to":[0,0,0],"ti":[0,0,0]},{"i":{"x":0,"y":1},"o":{"x":0.333,"y":0},"t":90,"s":[500,499.999,0],"to":[0,0,0],"ti":[0,0,0]},{"i":{"x":0,"y":0},"o":{"x":0.333,"y":0.333},"t":120,"s":[173.6,499.999,0],"to":[0,0,0],"ti":[0,0,0]},{"i":{"x":0,"y":0},"o":{"x":0.167,"y":0.167},"t":150,"s":[173.6,499.999,0],"to":[0,0,0],"ti":[0,0,0]},{"t":210,"s":[173.6,499.999,0]}],"ix":2,"l":2,"x":"var $bm_rt;\n$bm_rt = loopOut('pingpong');"},"a":{"a":0,"k":[149.85,149.85,0],"ix":1,"l":2},"s":{"a":0,"k":[100,100,100],"ix":6,"l":2}},"ao":0,"shapes":[{"ty":"gr","it":[{"ind":0,"ty":"sh","ix":1,"ks":{"a":0,"k":{"i":[[2.904,0],[0,-2.904],[-0.07,-0.342],[-1.834,0],[-1.588,-0.675],[0,0.36]],"o":[[-2.904,0],[0,0.36],[1.588,-0.675],[1.834,0],[0.07,-0.342],[0,-2.904]],"v":[[0,-4.036],[-5.265,2.983],[-5.159,4.036],[0,2.983],[5.159,4.036],[5.265,2.983]],"c":true},"ix":2},"nm":"Path 1","mn":"ADBE Vector Shape - Group","hd":false},{"ty":"fl","c":{"a":0,"k":[0.933333393172,0.886274569642,0.87450986376,1],"ix":4},"o":{"a":0,"k":100,"ix":5},"r":1,"bm":0,"nm":"Fill 1","mn":"ADBE Vector Graphic - Fill","hd":false},{"ty":"tr","p":{"a":0,"k":[266.108,123.615],"ix":2},"a":{"a":0,"k":[0,0],"ix":1},"s":{"a":0,"k":[100,100],"ix":3},"r":{"a":0,"k":0,"ix":6},"o":{"a":0,"k":100,"ix":7},"sk":{"a":0,"k":0,"ix":4},"sa":{"a":0,"k":0,"ix":5},"nm":"Transform"}],"nm":"Group 1","np":2,"cix":2,"bm":0,"ix":1,"mn":"ADBE Vector Group","hd":false},{"ty":"gr","it":[{"ind":0,"ty":"sh","ix":1,"ks":{"a":0,"k":{"i":[[7.265,0],[0,7.265],[-0.308,1.114],[-0.552,0.957],[-0.096,0.151],[0,1.823],[0,0],[-5.316,0.045],[-0.038,0],[-0.038,-0.001],[0,-5.316],[0,0],[-0.978,-1.539],[-0.09,-0.155],[-0.298,-1.088],[0,-1.211]],"o":[[-7.265,0],[0,-1.211],[0.298,-1.088],[0.09,-0.155],[0.978,-1.539],[0,0],[0,-5.316],[0.038,-0.001],[0.038,0],[5.316,0.045],[0,0],[0,1.823],[0.096,0.151],[0.552,0.957],[0.308,1.114],[0,7.265]],"v":[[116.258,3.071],[103.097,-10.09],[103.571,-13.6],[104.86,-16.671],[105.139,-17.131],[106.606,-22.291],[106.606,-26.578],[116.144,-36.412],[116.258,-36.413],[116.372,-36.412],[125.91,-26.578],[125.91,-22.291],[127.377,-17.131],[127.656,-16.671],[128.945,-13.6],[129.419,-10.09]],"c":true},"ix":2},"nm":"Path 1","mn":"ADBE Vector Shape - Group","hd":false},{"ind":1,"ty":"sh","ix":2,"ks":{"a":0,"k":{"i":[[4.604,0],[0,0],[0,4.604],[-4.604,0],[0,0],[0,-4.603]],"o":[[0,0],[-4.604,0],[0,-4.603],[0,0],[4.604,0],[0,4.604]],"v":[[50.89,58.349],[-50.89,58.349],[-59.226,50.013],[-50.89,41.678],[50.89,41.678],[59.226,50.013]],"c":true},"ix":2},"nm":"Path 2","mn":"ADBE Vector Shape - Group","hd":false},{"ind":2,"ty":"sh","ix":3,"ks":{"a":0,"k":{"i":[[4.604,0],[0,0],[0,4.604],[-4.604,0],[0,0],[0,-4.603]],"o":[[0,0],[-4.604,0],[0,-4.603],[0,0],[4.604,0],[0,4.604]],"v":[[50.89,93.446],[-50.89,93.446],[-59.226,85.11],[-50.89,76.775],[50.89,76.775],[59.226,85.11]],"c":true},"ix":2},"nm":"Path 3","mn":"ADBE Vector Shape - Group","hd":false},{"ind":3,"ty":"sh","ix":4,"ks":{"a":0,"k":{"i":[[15.033,0],[0,0],[0,-15.033],[0,0],[-15.032,0],[0,0],[0,15.033],[0,0]],"o":[[0,0],[-15.032,0],[0,0],[0,15.033],[0,0],[15.033,0],[0,0],[0,-15.033]],"v":[[122.38,-149.6],[-122.381,-149.6],[-149.6,-122.38],[-149.6,122.381],[-122.381,149.6],[122.38,149.6],[149.6,122.381],[149.6,-122.38]],"c":true},"ix":2},"nm":"Path 4","mn":"ADBE Vector Shape - Group","hd":false},{"ty":"mm","mm":1,"nm":"Merge Paths 1","mn":"ADBE Vector Filter - Merge","hd":false},{"ty":"fl","c":{"a":0,"k":[0.933333393172,0.886274569642,0.87450986376,1],"ix":4},"o":{"a":0,"k":100,"ix":5},"r":1,"bm":0,"nm":"Fill 1","mn":"ADBE Vector Graphic - Fill","hd":false},{"ty":"tr","p":{"a":0,"k":[149.85,149.85],"ix":2},"a":{"a":0,"k":[0,0],"ix":1},"s":{"a":0,"k":[100,100],"ix":3},"r":{"a":0,"k":0,"ix":6},"o":{"a":0,"k":100,"ix":7},"sk":{"a":0,"k":0,"ix":4},"sa":{"a":0,"k":0,"ix":5},"nm":"Transform"}],"nm":"Group 2","np":6,"cix":2,"bm":0,"ix":2,"mn":"ADBE Vector Group","hd":false}],"ip":0,"op":600,"st":0,"ct":1,"bm":0},{"ddd":0,"ind":4,"ty":4,"nm":"Layer 7 Outlines","sr":1,"ks":{"o":{"a":0,"k":100,"ix":11},"r":{"a":0,"k":0,"ix":10},"p":{"a":1,"k":[{"i":{"x":0.833,"y":0.833},"o":{"x":0.333,"y":0.333},"t":0,"s":[500,499.999,0],"to":[0,0,0],"ti":[0,0,0]},{"i":{"x":0,"y":1},"o":{"x":0.333,"y":0},"t":90,"s":[500,499.999,0],"to":[0,0,0],"ti":[0,0,0]},{"i":{"x":0,"y":1},"o":{"x":0.333,"y":0},"t":120,"s":[173.6,500,0],"to":[0,0,0],"ti":[0,0,0]},{"i":{"x":0,"y":0},"o":{"x":0.167,"y":0.167},"t":150,"s":[173.6,171.845,0],"to":[0,0,0],"ti":[0,0,0]},{"t":210,"s":[173.6,171.845,0]}],"ix":2,"l":2,"x":"var $bm_rt;\n$bm_rt = loopOut('pingpong');"},"a":{"a":0,"k":[149.85,149.85,0],"ix":1,"l":2},"s":{"a":0,"k":[100,100,100],"ix":6,"l":2}},"ao":0,"shapes":[{"ty":"gr","it":[{"ind":0,"ty":"sh","ix":1,"ks":{"a":0,"k":{"i":[[2.904,0],[0,-2.904],[-0.07,-0.342],[-1.834,0],[-1.588,-0.675],[0,0.36]],"o":[[-2.904,0],[0,0.36],[1.588,-0.675],[1.834,0],[0.07,-0.342],[0,-2.904]],"v":[[0,-4.036],[-5.265,2.983],[-5.159,4.036],[0,2.983],[5.159,4.036],[5.265,2.983]],"c":true},"ix":2},"nm":"Path 1","mn":"ADBE Vector Shape - Group","hd":false},{"ty":"fl","c":{"a":0,"k":[0.933333393172,0.886274569642,0.87450986376,1],"ix":4},"o":{"a":0,"k":100,"ix":5},"r":1,"bm":0,"nm":"Fill 1","mn":"ADBE Vector Graphic - Fill","hd":false},{"ty":"tr","p":{"a":0,"k":[266.108,123.614],"ix":2},"a":{"a":0,"k":[0,0],"ix":1},"s":{"a":0,"k":[100,100],"ix":3},"r":{"a":0,"k":0,"ix":6},"o":{"a":0,"k":100,"ix":7},"sk":{"a":0,"k":0,"ix":4},"sa":{"a":0,"k":0,"ix":5},"nm":"Transform"}],"nm":"Group 1","np":2,"cix":2,"bm":0,"ix":1,"mn":"ADBE Vector Group","hd":false},{"ty":"gr","it":[{"ind":0,"ty":"sh","ix":1,"ks":{"a":0,"k":{"i":[[7.265,0],[0,7.265],[-0.308,1.114],[-0.552,0.956],[-0.096,0.151],[0,1.823],[0,0],[-5.316,0.045],[-0.038,0],[-0.038,-0.001],[0,-5.316],[0,0],[-0.978,-1.539],[-0.09,-0.155],[-0.298,-1.088],[0,-1.211]],"o":[[-7.265,0],[0,-1.211],[0.298,-1.088],[0.09,-0.155],[0.978,-1.539],[0,0],[0,-5.316],[0.038,-0.001],[0.038,0],[5.316,0.045],[0,0],[0,1.823],[0.096,0.151],[0.552,0.956],[0.308,1.114],[0,7.265]],"v":[[116.258,3.07],[103.097,-10.09],[103.571,-13.6],[104.86,-16.671],[105.139,-17.132],[106.606,-22.292],[106.606,-26.579],[116.144,-36.413],[116.258,-36.413],[116.372,-36.413],[125.91,-26.579],[125.91,-22.292],[127.377,-17.132],[127.656,-16.671],[128.945,-13.6],[129.419,-10.09]],"c":true},"ix":2},"nm":"Path 1","mn":"ADBE Vector Shape - Group","hd":false},{"ind":1,"ty":"sh","ix":2,"ks":{"a":0,"k":{"i":[[4.604,0],[0,0],[0,4.604],[-4.604,0],[0,0],[0,-4.603]],"o":[[0,0],[-4.604,0],[0,-4.603],[0,0],[4.604,0],[0,4.604]],"v":[[50.89,58.348],[-50.89,58.348],[-59.226,50.012],[-50.89,41.678],[50.89,41.678],[59.226,50.012]],"c":true},"ix":2},"nm":"Path 2","mn":"ADBE Vector Shape - Group","hd":false},{"ind":2,"ty":"sh","ix":3,"ks":{"a":0,"k":{"i":[[4.604,0],[0,0],[0,4.604],[-4.604,0],[0,0],[0,-4.603]],"o":[[0,0],[-4.604,0],[0,-4.603],[0,0],[4.604,0],[0,4.604]],"v":[[50.89,93.445],[-50.89,93.445],[-59.226,85.109],[-50.89,76.775],[50.89,76.775],[59.226,85.109]],"c":true},"ix":2},"nm":"Path 3","mn":"ADBE Vector Shape - Group","hd":false},{"ind":3,"ty":"sh","ix":4,"ks":{"a":0,"k":{"i":[[15.033,0],[0,0],[0,-15.033],[0,0],[-15.032,0],[0,0],[0,15.033],[0,0]],"o":[[0,0],[-15.032,0],[0,0],[0,15.033],[0,0],[15.033,0],[0,0],[0,-15.033]],"v":[[122.38,-149.6],[-122.381,-149.6],[-149.6,-122.381],[-149.6,122.38],[-122.381,149.6],[122.38,149.6],[149.6,122.38],[149.6,-122.381]],"c":true},"ix":2},"nm":"Path 4","mn":"ADBE Vector Shape - Group","hd":false},{"ty":"mm","mm":1,"nm":"Merge Paths 1","mn":"ADBE Vector Filter - Merge","hd":false},{"ty":"fl","c":{"a":0,"k":[0.933333393172,0.886274569642,0.87450986376,1],"ix":4},"o":{"a":0,"k":100,"ix":5},"r":1,"bm":0,"nm":"Fill 1","mn":"ADBE Vector Graphic - Fill","hd":false},{"ty":"tr","p":{"a":0,"k":[149.85,149.85],"ix":2},"a":{"a":0,"k":[0,0],"ix":1},"s":{"a":0,"k":[100,100],"ix":3},"r":{"a":0,"k":0,"ix":6},"o":{"a":0,"k":100,"ix":7},"sk":{"a":0,"k":0,"ix":4},"sa":{"a":0,"k":0,"ix":5},"nm":"Transform"}],"nm":"Group 2","np":6,"cix":2,"bm":0,"ix":2,"mn":"ADBE Vector Group","hd":false}],"ip":0,"op":600,"st":0,"ct":1,"bm":0},{"ddd":0,"ind":5,"ty":4,"nm":"Layer 2 Outlines","sr":1,"ks":{"o":{"a":0,"k":100,"ix":11},"r":{"a":0,"k":0,"ix":10},"p":{"a":1,"k":[{"i":{"x":0.833,"y":0.833},"o":{"x":0.333,"y":0.333},"t":0,"s":[500,500,0],"to":[0,0,0],"ti":[0,0,0]},{"i":{"x":0,"y":1},"o":{"x":0.333,"y":0},"t":90,"s":[500,500,0],"to":[0,0,0],"ti":[0,0,0]},{"i":{"x":0,"y":1},"o":{"x":0.333,"y":0},"t":120,"s":[500,828.155,0],"to":[0,0,0],"ti":[0,0,0]},{"i":{"x":0,"y":0},"o":{"x":0.167,"y":0.167},"t":150,"s":[826.4,828.155,0],"to":[0,0,0],"ti":[0,0,0]},{"t":210,"s":[826.4,828.155,0]}],"ix":2,"l":2,"x":"var $bm_rt;\n$bm_rt = loopOut('pingpong');"},"a":{"a":0,"k":[149.85,149.85,0],"ix":1,"l":2},"s":{"a":0,"k":[100,100,100],"ix":6,"l":2}},"ao":0,"shapes":[{"ty":"gr","it":[{"ind":0,"ty":"sh","ix":1,"ks":{"a":0,"k":{"i":[[2.904,0],[0,-2.904],[-0.07,-0.342],[-1.834,0],[-1.588,-0.675],[0,0.36]],"o":[[-2.904,0],[0,0.36],[1.588,-0.675],[1.834,0],[0.07,-0.342],[0,-2.904]],"v":[[0,-4.036],[-5.265,2.983],[-5.159,4.036],[0,2.983],[5.159,4.036],[5.265,2.983]],"c":true},"ix":2},"nm":"Path 1","mn":"ADBE Vector Shape - Group","hd":false},{"ty":"fl","c":{"a":0,"k":[0.933333393172,0.886274569642,0.87450986376,1],"ix":4},"o":{"a":0,"k":100,"ix":5},"r":1,"bm":0,"nm":"Fill 1","mn":"ADBE Vector Graphic - Fill","hd":false},{"ty":"tr","p":{"a":0,"k":[266.108,123.614],"ix":2},"a":{"a":0,"k":[0,0],"ix":1},"s":{"a":0,"k":[100,100],"ix":3},"r":{"a":0,"k":0,"ix":6},"o":{"a":0,"k":100,"ix":7},"sk":{"a":0,"k":0,"ix":4},"sa":{"a":0,"k":0,"ix":5},"nm":"Transform"}],"nm":"Group 1","np":2,"cix":2,"bm":0,"ix":1,"mn":"ADBE Vector Group","hd":false},{"ty":"gr","it":[{"ind":0,"ty":"sh","ix":1,"ks":{"a":0,"k":{"i":[[7.265,0],[0,7.265],[-0.308,1.114],[-0.553,0.956],[-0.096,0.151],[0,1.823],[0,0],[-5.316,0.045],[-0.038,0],[-0.038,-0.001],[0,-5.316],[0,0],[-0.978,-1.539],[-0.09,-0.155],[-0.298,-1.088],[0,-1.211]],"o":[[-7.265,0],[0,-1.211],[0.298,-1.088],[0.09,-0.155],[0.978,-1.539],[0,0],[0,-5.316],[0.038,-0.001],[0.038,0],[5.316,0.045],[0,0],[0,1.823],[0.096,0.151],[0.553,0.956],[0.308,1.114],[0,7.265]],"v":[[116.258,3.07],[103.097,-10.09],[103.571,-13.6],[104.86,-16.671],[105.139,-17.132],[106.606,-22.292],[106.606,-26.578],[116.144,-36.413],[116.258,-36.413],[116.372,-36.413],[125.91,-26.578],[125.91,-22.292],[127.377,-17.132],[127.656,-16.671],[128.945,-13.6],[129.419,-10.09]],"c":true},"ix":2},"nm":"Path 1","mn":"ADBE Vector Shape - Group","hd":false},{"ind":1,"ty":"sh","ix":2,"ks":{"a":0,"k":{"i":[[4.604,0],[0,0],[0,4.604],[-4.604,0],[0,0],[0,-4.603]],"o":[[0,0],[-4.604,0],[0,-4.603],[0,0],[4.604,0],[0,4.604]],"v":[[50.89,58.348],[-50.89,58.348],[-59.226,50.012],[-50.89,41.678],[50.89,41.678],[59.226,50.012]],"c":true},"ix":2},"nm":"Path 2","mn":"ADBE Vector Shape - Group","hd":false},{"ind":2,"ty":"sh","ix":3,"ks":{"a":0,"k":{"i":[[4.604,0],[0,0],[0,4.604],[-4.604,0],[0,0],[0,-4.603]],"o":[[0,0],[-4.604,0],[0,-4.603],[0,0],[4.604,0],[0,4.604]],"v":[[50.89,93.445],[-50.89,93.445],[-59.226,85.109],[-50.89,76.774],[50.89,76.774],[59.226,85.109]],"c":true},"ix":2},"nm":"Path 3","mn":"ADBE Vector Shape - Group","hd":false},{"ind":3,"ty":"sh","ix":4,"ks":{"a":0,"k":{"i":[[15.033,0],[0,0],[0,-15.033],[0,0],[-15.032,0],[0,0],[0,15.033],[0,0]],"o":[[0,0],[-15.032,0],[0,0],[0,15.033],[0,0],[15.033,0],[0,0],[0,-15.033]],"v":[[122.38,-149.6],[-122.381,-149.6],[-149.6,-122.38],[-149.6,122.38],[-122.381,149.6],[122.38,149.6],[149.6,122.38],[149.6,-122.38]],"c":true},"ix":2},"nm":"Path 4","mn":"ADBE Vector Shape - Group","hd":false},{"ty":"mm","mm":1,"nm":"Merge Paths 1","mn":"ADBE Vector Filter - Merge","hd":false},{"ty":"fl","c":{"a":0,"k":[0.933333393172,0.886274569642,0.87450986376,1],"ix":4},"o":{"a":0,"k":100,"ix":5},"r":1,"bm":0,"nm":"Fill 1","mn":"ADBE Vector Graphic - Fill","hd":false},{"ty":"tr","p":{"a":0,"k":[149.85,149.85],"ix":2},"a":{"a":0,"k":[0,0],"ix":1},"s":{"a":0,"k":[100,100],"ix":3},"r":{"a":0,"k":0,"ix":6},"o":{"a":0,"k":100,"ix":7},"sk":{"a":0,"k":0,"ix":4},"sa":{"a":0,"k":0,"ix":5},"nm":"Transform"}],"nm":"Group 2","np":6,"cix":2,"bm":0,"ix":2,"mn":"ADBE Vector Group","hd":false}],"ip":0,"op":600,"st":0,"ct":1,"bm":0},{"ddd":0,"ind":6,"ty":4,"nm":"Layer 4 Outlines","sr":1,"ks":{"o":{"a":0,"k":100,"ix":11},"r":{"a":0,"k":0,"ix":10},"p":{"a":1,"k":[{"i":{"x":0.833,"y":0.833},"o":{"x":0.167,"y":0.167},"t":0,"s":[500,499.999,0],"to":[0,0,0],"ti":[0,0,0]},{"i":{"x":0.833,"y":0.833},"o":{"x":0.167,"y":0.167},"t":150,"s":[500,499.999,0],"to":[0,0,0],"ti":[0,0,0]},{"t":210,"s":[500,499.999,0]}],"ix":2,"l":2,"x":"var $bm_rt;\n$bm_rt = loopOut('pingpong');"},"a":{"a":0,"k":[149.85,149.85,0],"ix":1,"l":2},"s":{"a":0,"k":[100,100,100],"ix":6,"l":2}},"ao":0,"shapes":[{"ty":"gr","it":[{"ind":0,"ty":"sh","ix":1,"ks":{"a":0,"k":{"i":[[2.904,0],[0,-2.904],[-0.07,-0.342],[-1.834,0],[-1.588,-0.675],[0,0.36]],"o":[[-2.904,0],[0,0.36],[1.588,-0.675],[1.834,0],[0.07,-0.342],[0,-2.904]],"v":[[0,-4.036],[-5.265,2.983],[-5.159,4.036],[0,2.983],[5.159,4.036],[5.265,2.983]],"c":true},"ix":2},"nm":"Path 1","mn":"ADBE Vector Shape - Group","hd":false},{"ty":"fl","c":{"a":0,"k":[0.933333393172,0.886274569642,0.87450986376,1],"ix":4},"o":{"a":0,"k":100,"ix":5},"r":1,"bm":0,"nm":"Fill 1","mn":"ADBE Vector Graphic - Fill","hd":false},{"ty":"tr","p":{"a":0,"k":[266.108,123.615],"ix":2},"a":{"a":0,"k":[0,0],"ix":1},"s":{"a":0,"k":[100,100],"ix":3},"r":{"a":0,"k":0,"ix":6},"o":{"a":0,"k":100,"ix":7},"sk":{"a":0,"k":0,"ix":4},"sa":{"a":0,"k":0,"ix":5},"nm":"Transform"}],"nm":"Group 1","np":2,"cix":2,"bm":0,"ix":1,"mn":"ADBE Vector Group","hd":false},{"ty":"gr","it":[{"ind":0,"ty":"sh","ix":1,"ks":{"a":0,"k":{"i":[[7.265,0],[0,7.265],[-0.308,1.114],[-0.553,0.957],[-0.096,0.151],[0,1.823],[0,0],[-5.316,0.045],[-0.038,0],[-0.038,-0.001],[0,-5.316],[0,0],[-0.978,-1.539],[-0.09,-0.155],[-0.299,-1.088],[0,-1.211]],"o":[[-7.265,0],[0,-1.211],[0.298,-1.088],[0.09,-0.155],[0.978,-1.539],[0,0],[0,-5.316],[0.038,-0.001],[0.038,0],[5.316,0.045],[0,0],[0,1.823],[0.096,0.151],[0.553,0.957],[0.307,1.114],[0,7.265]],"v":[[116.258,3.071],[103.097,-10.09],[103.571,-13.6],[104.86,-16.671],[105.139,-17.131],[106.606,-22.291],[106.606,-26.578],[116.144,-36.412],[116.258,-36.413],[116.372,-36.412],[125.91,-26.578],[125.91,-22.291],[127.377,-17.131],[127.656,-16.671],[128.946,-13.6],[129.419,-10.09]],"c":true},"ix":2},"nm":"Path 1","mn":"ADBE Vector Shape - Group","hd":false},{"ind":1,"ty":"sh","ix":2,"ks":{"a":0,"k":{"i":[[4.604,0],[0,0],[0,4.604],[-4.604,0],[0,0],[0,-4.603]],"o":[[0,0],[-4.604,0],[0,-4.603],[0,0],[4.604,0],[0,4.604]],"v":[[50.89,58.349],[-50.89,58.349],[-59.226,50.013],[-50.89,41.678],[50.89,41.678],[59.226,50.013]],"c":true},"ix":2},"nm":"Path 2","mn":"ADBE Vector Shape - Group","hd":false},{"ind":2,"ty":"sh","ix":3,"ks":{"a":0,"k":{"i":[[4.604,0],[0,0],[0,4.604],[-4.604,0],[0,0],[0,-4.603]],"o":[[0,0],[-4.604,0],[0,-4.603],[0,0],[4.604,0],[0,4.604]],"v":[[50.89,93.446],[-50.89,93.446],[-59.226,85.11],[-50.89,76.775],[50.89,76.775],[59.226,85.11]],"c":true},"ix":2},"nm":"Path 3","mn":"ADBE Vector Shape - Group","hd":false},{"ind":3,"ty":"sh","ix":4,"ks":{"a":0,"k":{"i":[[15.033,0],[0,0],[0,-15.033],[0,0],[-15.032,0],[0,0],[0,15.033],[0,0]],"o":[[0,0],[-15.032,0],[0,0],[0,15.033],[0,0],[15.033,0],[0,0],[0,-15.033]],"v":[[122.38,-149.6],[-122.381,-149.6],[-149.6,-122.38],[-149.6,122.381],[-122.381,149.6],[122.38,149.6],[149.6,122.381],[149.6,-122.38]],"c":true},"ix":2},"nm":"Path 4","mn":"ADBE Vector Shape - Group","hd":false},{"ty":"mm","mm":1,"nm":"Merge Paths 1","mn":"ADBE Vector Filter - Merge","hd":false},{"ty":"fl","c":{"a":0,"k":[0.933333393172,0.886274569642,0.87450986376,1],"ix":4},"o":{"a":0,"k":100,"ix":5},"r":1,"bm":0,"nm":"Fill 1","mn":"ADBE Vector Graphic - Fill","hd":false},{"ty":"tr","p":{"a":0,"k":[149.85,149.85],"ix":2},"a":{"a":0,"k":[0,0],"ix":1},"s":{"a":0,"k":[100,100],"ix":3},"r":{"a":0,"k":0,"ix":6},"o":{"a":0,"k":100,"ix":7},"sk":{"a":0,"k":0,"ix":4},"sa":{"a":0,"k":0,"ix":5},"nm":"Transform"}],"nm":"Group 2","np":6,"cix":2,"bm":0,"ix":2,"mn":"ADBE Vector Group","hd":false}],"ip":0,"op":600,"st":0,"ct":1,"bm":0}],"markers":[],"props":{}}